{"Fort Ann|NY": [43.4143073, -73.4879808], "Kokomo|IN": [40.4864444, -86.1336351], "Wichita Falls|TX": [33.9004572, -98.5020777], "Spencer|IA": [43.1415519, -95.1477536], "Duncombe|IA": [42.4705006, -93.993355], "Underwood|IA": [41.3872477, -95.678862], "Grand Forks|ND": [47.9252104, -97.0306325], "Catarina|TX": [28.3455475, -99.6133788], "Hayti|MO": [36.2319804, -89.7480887], "Wadesboro|NC": [34.9681767, -80.07674], "West Chesterfield|NH": [42.9042482, -72.5156447], "Houma|LA": [29.5957696, -90.7195348], "Portland|MI": [42.8692006, -84.9030517], "Londonderry|NH": [42.8650869, -71.3739532], "Dunn|NC": [35.3076902, -78.6093257], "Saint Matthews|SC": [33.664876, -80.7778681], "Henry|IL": [41.3418549, -90.1177442], "Iowa Park|TX": [33.9514847, -98.6686709], "Winfred|SD": [43.997197, -97.362288], "Copiague|NY": [40.6728425, -73.3947639], "Big Springs|NE": [41.061381, -102.074349], "Corinne|UT": [41.5498576, -112.110716], "Stratford|TX": [36.3361403, -102.072119], "Townsend|VA": [37.1849815, -75.958473], "Wausau|WI": [44.9597858, -89.6272791], "Capac|MI": [43.0125274, -82.9279881], "Colfax|NC": [36.1126365, -80.0144842], "Bruceton Mills|WV": [39.6589554, -79.6396445], "Millbury|OH": [41.5659599, -83.4248634], "Mc Calla|AL": [40.8333582, -80.5455322], "Drumright|OK": [35.9884013, -96.6011294], "Chandler|AZ": [33.3062031, -111.841185], "Burlington|CO": [39.3046827, -102.2680065], "Livingston|LA": [30.4158699, -90.7189344], "Bloomfield|IN": [39.02631, -86.9379018], "Lancaster|SC": [34.6628067, -80.700546], "Broken Bow|NE": [41.4018116, -99.6393288], "Paw Paw|MI": [42.2178171, -85.8911246], "Horse Cave|KY": [37.179496, -85.9069175], "Antioch|TN": [36.0600602, -86.6722192], "Wenatchee|WA": [47.4234599, -120.310349], "London|KY": [37.1283343, -84.0835576], "Carlisle|PA": [40.201499, -77.1890783], "Canastota|NY": [43.079672, -75.751076], "Poplar Grove|IL": [42.3683522, -88.822047], "Laurel|MT": [45.6691159, -108.771532], "Lewisport|KY": [37.9369974, -86.9022146], "Meade|KS": [37.2091116, -100.396302], "Supply|NC": [34.0176717, -78.267499], "Belle Fourche|SD": [44.6731329, -103.8517342], "Henderson|NE": [40.7810033, -97.8123127], "Cedar Grove|WI": [43.5720402, -87.8203105], "Naperville|IL": [41.7728699, -88.1479278], "Webbers Falls|OK": [35.5109296, -95.1299597], "Gillette|WY": [44.290635, -105.501876], "Warfield|VA": [36.8957465, -77.8170135], "Fultonville|NY": [42.9478357, -74.3699085], "Newcastle|OK": [35.2472869, -97.59976], "Chinook|MT": [48.590132, -109.231823], "Rittman|OH": [40.9723644, -81.7811745], "Mora|MN": [45.8763597, -93.2969493], "Iola|KS": [37.9244799, -95.3999814], "Wonewoc|WI": [43.6538377, -90.2231545], "Milford|TX": [32.1245956, -96.945277], "Gordonsville|TN": [36.1729031, -85.9299966], "Floyd|IA": [43.0587894, -92.7830539], "New London|MO": [39.5853222, -91.4009835], "Lebanon|PA": [40.375713, -76.4626118], "Plymouth|WI": [43.7486054, -87.977038], "Devils Lake|ND": [48.112779, -98.86512], "Helena|MT": [46.5927425, -112.036277], "Prosperity|SC": [34.2098669, -81.5338576], "Kodak|TN": [35.9745323, -83.6268396], "Taylor|MI": [42.240872, -83.2696509], "Wildwood|GA": [34.969132, -85.4079199], "Louisville|KY": [38.2542376, -85.759407], "North Bend|WA": [47.4957757, -121.784889], "Williston|SC": [33.4022393, -81.42323], "Ridgedale|MO": [36.5039535, -93.2237919], "Wellston|MI": [44.2169505, -85.9578528], "Roanoke|LA": [30.2351806, -92.7478897], "Terry|MS": [32.0962633, -90.2942566], "Walpole|NH": [43.0794881, -72.4259454], "Marsing|ID": [43.5454359, -116.8131958], "Pelham|GA": [31.1276849, -84.1518466], "Llano|TX": [30.6663312, -98.6970374], "Medicine Lodge|KS": [37.2811339, -98.580361], "Elkridge|MD": [39.1938632, -76.7420903], "Hazelwood|MO": [38.7761446, -90.3715909], "Fort Collins|CO": [40.5871782, -105.0770113], "Palmetto|GA": [33.5178907, -84.6696549], "Washington|UT": [37.2393471, -113.525776], "Monett|MO": [36.9215543, -93.9231864], "Coachella|CA": [33.6794956, -116.17628], "South Saint Paul|MN": [44.8906694, -93.0372808], "Boardman|OR": [45.839855, -119.700583], "Bath|NY": [42.3370164, -77.3177577], "Clinton|TN": [36.1034126, -84.1318632], "Bastian|VA": [37.155124, -81.1512098], "Spencer|WI": [44.7574876, -90.2987071], "Liberty|ME": [44.3927438, -69.3074579], "Tuscaloosa|AL": [33.2095614, -87.5675258], "Cross Plains|TX": [32.1262459, -99.1654444], "Mascotte|FL": [28.5783313, -81.8867452], "Grafton|OH": [41.2725522, -82.0545892], "Roca|NE": [40.657321, -96.662314], "Overton|NE": [40.7390089, -99.537717], "Brawley|CA": [32.9786566, -115.530267], "North Fort Myers|FL": [26.7107375, -81.8130065], "Walters|OK": [34.3598075, -98.3078258], "Emmetsburg|IA": [43.1108076, -94.6781897], "Toms Brook|VA": [38.9464989, -78.4391741], "Durand|WI": [44.6283703, -91.9676627], "Lee|FL": [26.5999265, -81.8823135], "Ellsworth|KS": [38.6942009, -98.2149289], "Minden|NV": [38.9565145, -119.7700488], "Cozad|NE": [40.8595822, -99.9858546], "Pittsburgh|PA": [40.4406968, -80.0025666], "Aspermont|TX": [33.1382394, -100.228715], "Danville|VA": [36.5879877, -79.3916713], "Turrell|AR": [35.3765218, -90.2568406], "Ellenton|FL": [27.517143, -82.548708], "New Carlisle|OH": [39.9361699, -84.0254913], "Chilton|WI": [44.028944, -88.1628151], "Pueblo|CO": [38.263995, -104.6141867], "York|PA": [39.962493, -76.7276989], "Hankamer|TX": [29.8582755, -94.6268618], "Palm Bay|FL": [27.9946969, -80.6366144], "Lamar|CO": [38.0872306, -102.620749], "Walnut|IA": [41.4772595, -95.2220692], "Selby|SD": [45.506379, -100.032066], "La Feria|TX": [26.1588627, -97.8238428], "Durant|OK": [33.9919761, -96.3776762], "Roseville|MI": [42.4972583, -82.9371409], "Merrill|WI": [45.180522, -89.683459], "Portsmouth|NH": [43.0751306, -70.7601826], "Hurricane|WV": [38.4325896, -82.0201368], "Hancock|MD": [39.6994024, -78.1820972], "Seymour|WI": [44.5429082, -88.312718], "Superior|MT": [47.1915937, -114.891797], "Ottumwa|IA": [41.0195659, -92.4116886], "Monroe|MI": [41.9153358, -83.5135665], "Carroll|IA": [42.0193628, -94.860335], "Rockville|MD": [39.0817985, -77.1516844], "Bladenboro|NC": [34.5386768, -78.7875887], "Fredericksburg|VA": [38.3031837, -77.4605399], "Kingdom City|MO": [38.9427219, -91.9417153], "Myerstown|PA": [40.3752942, -76.3034556], "Blue Earth|MN": [44.0109722, -94.0560643], "Portersville|PA": [40.9255114, -80.1442551], "Childersburg|AL": [33.2781686, -86.3549774], "Mc Crory|AR": [36.0840446, -87.0251934], "Stedman|NC": [35.0134999, -78.6939063], "Sayre|PA": [41.9789631, -76.515499], "Montpelier|OH": [41.5844951, -84.6055076], "Sapulpa|OK": [36.0005035, -96.1049612], "Warner|OK": [35.494675, -95.3060603], "Dayton|TN": [35.4939587, -85.0124535], "Saint Croix Falls|WI": [45.4104918, -92.6445824], "Elm Creek|NE": [40.7174179, -99.3732957], "Moultrie|GA": [31.1793436, -83.788579], "Casco|MI": [42.7525317, -82.6715845], "Hobart|IN": [41.5322592, -87.2550353], "Bethel|NC": [35.8083064, -77.3733428], "Schuyler|NE": [41.4473547, -97.0572541], "Madill|OK": [34.0902508, -96.7715618], "Morehead|KY": [38.1839705, -83.4326841], "Shawnee|OK": [35.3272928, -96.9253004], "East Lyme|CT": [41.3482141, -72.2092951], "Hunt Valley|MD": [39.4962709, -76.6542571], "Loudon|TN": [35.7490023, -84.320293], "Ankeny|IA": [41.7320796, -93.605092], "Cedar Creek|TX": [32.7399277, -96.8160745], "Deer Lodge|MT": [46.0753795, -113.089332], "Cohasset|MN": [47.263556, -93.620215], "Logan|UT": [41.7313063, -111.834914], "Waco|NE": [40.896956, -97.463383], "Bronx|NY": [40.8466508, -73.8785937], "Hickory|NC": [35.7333312, -81.3442915], "West Chicago|IL": [41.8847507, -88.2039607], "Macon|GA": [32.8406946, -83.6324022], "Jasper|TN": [35.0742448, -85.6260789], "Mount Crawford|VA": [38.3564677, -78.9418566], "Hot Springs National Park|AR": [34.5290712, -93.0301402], "Oologah|OK": [36.4470387, -95.7083151], "Wolfforth|TX": [33.5059189, -102.009057], "Mulberry|AR": [35.5006417, -94.0515919], "Gila Bend|AZ": [32.9476184, -112.7144993], "Cherry Valley|IL": [42.2392959, -88.9597115], "Pocatello|ID": [42.8620287, -112.450627],